<?xml version="1.0" encoding="utf-8"?>
<!--/1023546/823608/2.49/5/4/Relay or Contactor/-->
<quadcept_library>
  <setting unit="mil" />
  <textstyle name="Default" height="47.244094488189" strokewidth="7.8740157480315" charwidth="47.244094488189" />
  <textstyle name="Dimension" height="19.6850393700787" strokewidth="0" charwidth="19.6850393700787" />
  <textstyle name="H127W0635TH00762" height="50" strokewidth="3" charwidth="25" />
  <textstyle name="H15W15TH02" height="59.0551181102362" strokewidth="7.8740157480315" charwidth="59.0551181102362" />
  <padstyle name="c210_h140" surface="False" plated="True" isvia="False" nopaste="True" nomask="True" complex="False" holesize="55.11811023622">
    <padshape layer="TOP" shape="round" width="82.67716535433" height="82.67716535433" />
    <padshape layer="TOP_SOLDER_MASK" shape="round" width="90.551181102361" height="90.551181102361" />
    <padshape layer="INNER" shape="round" width="82.67716535433" height="82.67716535433" />
    <padshape layer="BOTTOM" shape="round" width="82.67716535433" height="82.67716535433" />
    <padshape layer="BOTTOM_SOLDER_MASK" shape="round" width="90.551181102361" height="90.551181102361" />
  </padstyle>
  <footprint name="SRA12VDCCL" originx="0" originy="0" pickpointx="0" pickpointy="0">
    <pcbpin number="1" name="1" style="c210_h140" originx="-151.5748031496" originy="-196.85039370078" rotation="90" />
    <pcbpin number="2" name="2" style="c210_h140" originx="250" originy="-196.85039370078" rotation="90" />
    <pcbpin number="3" name="3" style="c210_h140" originx="250" originy="196.85039370078" rotation="90" />
    <pcbpin number="4" name="4" style="c210_h140" originx="-151.5748031496" originy="196.85039370078" rotation="90" />
    <pcbpin number="5" name="5" style="c210_h140" originx="-250" originy="0" rotation="90" />
    <line layer="TOP_ASSEMBLY" originx="-305.11811023622" originy="242.12598425197" endx="305.11811023622" endy="242.12598425197" width="7.8740157480314" />
    <line layer="TOP_ASSEMBLY" originx="305.11811023622" originy="242.12598425197" endx="305.11811023622" endy="-242.12598425197" width="7.8740157480314" />
    <line layer="TOP_ASSEMBLY" originx="305.11811023622" originy="-242.12598425197" endx="-305.11811023622" endy="-242.12598425197" width="7.8740157480314" />
    <line layer="TOP_ASSEMBLY" originx="-305.11811023622" originy="-242.12598425197" endx="-305.11811023622" endy="242.12598425197" width="7.8740157480314" />
    <line layer="TOP_PLACE_BOUND" originx="-344.48818897637" originy="281.49606299212" endx="344.48818897637" endy="281.49606299212" width="3.9370078740157" />
    <line layer="TOP_PLACE_BOUND" originx="344.48818897637" originy="281.49606299212" endx="344.48818897637" endy="-281.49606299212" width="3.9370078740157" />
    <line layer="TOP_PLACE_BOUND" originx="344.48818897637" originy="-281.49606299212" endx="-344.48818897637" endy="-281.49606299212" width="3.9370078740157" />
    <line layer="TOP_PLACE_BOUND" originx="-344.48818897637" originy="-281.49606299212" endx="-344.48818897637" endy="281.49606299212" width="3.9370078740157" />
    <line layer="TOP_SILKSCREEN" originx="-196.85039370078" originy="242.12598425197" endx="-305.11811023622" endy="242.12598425197" width="3.9370078740157" />
    <line layer="TOP_SILKSCREEN" originx="-305.11811023622" originy="242.12598425197" endx="-305.11811023622" endy="-242.12598425197" width="3.9370078740157" />
    <line layer="TOP_SILKSCREEN" originx="-305.11811023622" originy="-242.12598425197" endx="-196.85039370078" endy="-242.12598425197" width="3.9370078740157" />
    <line layer="TOP_SILKSCREEN" originx="305.11811023622" originy="-242.12598425197" endx="305.11811023622" endy="242.12598425197" width="3.9370078740157" />
    <line layer="TOP_SILKSCREEN" originx="-118.11023622047" originy="242.12598425197" endx="216.53543307086" endy="242.12598425197" width="3.9370078740157" />
    <line layer="TOP_SILKSCREEN" originx="-118.11023622047" originy="-242.12598425197" endx="216.53543307086" endy="-242.12598425197" width="3.9370078740157" />
  </footprint>
  <symbol name="SRA-12VDC-CL" originx="0" originy="0">
    <line originx="200" originy="100" endx="600" endy="100" width="0" />
    <line originx="600" originy="-300" endx="600" endy="100" width="0" />
    <line originx="600" originy="-300" endx="200" endy="-300" width="0" />
    <line originx="200" originy="100" endx="200" endy="-300" width="0" />
    <sympin number="1" originx="200" originy="0" rotation="180" length="100" width="7.8740157480315" flipped="False">
      <text name="pinname" originx="230" originy="0" style="Default" rotation="0" justify="left" flipped="False" hidden="False" data="1" />
      <text name="pindes" originx="140" originy="20" style="Default" rotation="0" justify="lowerright" flipped="False" hidden="False" data="1" />
    </sympin>
    <sympin number="2" originx="200" originy="-100" rotation="180" length="100" width="7.8740157480315" flipped="False">
      <text name="pinname" originx="230" originy="-100" style="Default" rotation="0" justify="left" flipped="False" hidden="False" data="2" />
      <text name="pindes" originx="140" originy="-80" style="Default" rotation="0" justify="lowerright" flipped="False" hidden="False" data="2" />
    </sympin>
    <sympin number="3" originx="200" originy="-200" rotation="180" length="100" width="7.8740157480315" flipped="False">
      <text name="pinname" originx="230" originy="-200" style="Default" rotation="0" justify="left" flipped="False" hidden="False" data="3" />
      <text name="pindes" originx="140" originy="-180" style="Default" rotation="0" justify="lowerright" flipped="False" hidden="False" data="3" />
    </sympin>
    <sympin number="4" originx="600" originy="0" rotation="0" length="100" width="7.8740157480315" flipped="False">
      <text name="pinname" originx="570" originy="0" style="Default" rotation="0" justify="right" flipped="False" hidden="False" data="4" />
      <text name="pindes" originx="660" originy="20" style="Default" rotation="0" justify="lowerleft" flipped="False" hidden="False" data="4" />
    </sympin>
    <sympin number="5" originx="600" originy="-100" rotation="0" length="100" width="7.8740157480315" flipped="False">
      <text name="pinname" originx="570" originy="-100" style="Default" rotation="0" justify="right" flipped="False" hidden="False" data="5" />
      <text name="pindes" originx="660" originy="-80" style="Default" rotation="0" justify="lowerleft" flipped="False" hidden="False" data="5" />
    </sympin>
  </symbol>
  <component name="SRA-12VDC-CL" designatorprefix="K" height="551.1811023622" footprint="SRA12VDCCL">
    <comppin designator="1" sympin="1" pinswap="0" gateswap="0" gate="1" group="1" side="" type="Any" name="1" />
    <comppin designator="2" sympin="2" pinswap="0" gateswap="0" gate="1" group="1" side="" type="Any" name="2" />
    <comppin designator="3" sympin="3" pinswap="0" gateswap="0" gate="1" group="1" side="" type="Any" name="3" />
    <comppin designator="4" sympin="4" pinswap="0" gateswap="0" gate="1" group="1" side="" type="Any" name="4" />
    <comppin designator="5" sympin="5" pinswap="0" gateswap="0" gate="1" group="1" side="" type="Any" name="5" />
    <attached_symbol gate="1" name="SRA-12VDC-CL" />
    <pinmap designator="1" footprintpin="1" />
    <pinmap designator="2" footprintpin="2" />
    <pinmap designator="3" footprintpin="3" />
    <pinmap designator="4" footprintpin="4" />
    <pinmap designator="5" footprintpin="5" />
    <text name="Datasheet" originx="0" originy="0" style="Default" rotation="0" justify="" flipped="False" hidden="True" data="" />
    <text name="Description" originx="0" originy="0" style="Default" rotation="0" justify="" flipped="False" hidden="True" data="5 Pin SPDT SRA-12VDC-CL DC 12V Coil 20A Universal PCB" />
    <text name="Manufacturer_Name" originx="0" originy="0" style="Default" rotation="0" justify="" flipped="False" hidden="True" data="Songle Relay" />
    <text name="Manufacturer_Part_Number" originx="650" originy="200" style="Default" rotation="0" justify="left" flipped="False" hidden="False" data="SRA-12VDC-CL" />
    <text name="Mouser Part Number" originx="0" originy="0" style="Default" rotation="0" justify="" flipped="False" hidden="True" data="" />
    <text name="Mouser Price/Stock" originx="0" originy="0" style="Default" rotation="0" justify="" flipped="False" hidden="True" data="" />
    <text name="Arrow Part Number" originx="0" originy="0" style="Default" rotation="0" justify="" flipped="False" hidden="True" data="" />
    <text name="Arrow Price/Stock" originx="0" originy="0" style="Default" rotation="0" justify="" flipped="False" hidden="True" data="" />
  </component>
</quadcept_library>
